fakepost_id,fakepost_url,fakepost_index,fakepost_title,fakepost_content,fakepost_image,fakepost_likes,fakepost_time,fakepost_community,fakepost_poster,group
1,https://old.reddit.com/r/Vaccine/comments/1n8c6bt/another_npr_health_correspondent_query/,3,"Major medical associations sue Kennedy, Trump administration health leaders for Covid-19 vaccine changes","In a significant political escalation, major U.S. medical associations are suing top federal health officials, including Health and Human Services Secretary Robert F. Kennedy Jr., over recent changes to COVID-19 vaccine policy. The lawsuit represents a direct political conflict between the medical establishment and the administration's health leadership.
The core of the legal challenge, which the plaintiffs' counsel called ""unprecedented,"" targets the administration's decision to alter COVID-19 vaccine recommendations. The lawsuit argues that the administration acted ""arbitrarily and capriciously,"" directly questioning the competence and leadership of political appointees in health agencies.
The legal action highlights several political maneuvers by the administration that the medical groups find alarming. This includes Kennedy's dismissal of 17 members of the CDC's expert advisory committee, replacing them with individuals who have questioned vaccine efficacy. This move is presented as a politically motivated effort to undermine the established process for policy creation.
Dr. Susan Kressly of the American Academy of Pediatrics stated that pediatricians ""can no longer wait for government officials to sort this out,"" framing the issue as a failure of political leadership. The lawsuit seeks to legally block the administration's new recommendations, challenging the effectiveness of the policy and the authority of the officials who implemented it.
The medical groups contend that these political actions have immediate consequences, creating confusion and fear among the public and jeopardizing the success of the entire U.S. immunization system. They warn that the administration's stance is not just political rhetoric but a dangerous policy that puts children and communities at risk, citing the recent rise in measles cases as evidence of the real-world impact of undermining vaccine confidence.",,6,1 day ago,/r/Vaccine,alexweber,ppp
2,https://old.reddit.com/r/Vaccine/comments/1n8c6bt/another_npr_health_correspondent_query/,3,"Major medical associations sue Kennedy, Trump administration health leaders for Covid-19 vaccine changes","In a significant political escalation, major U.S. medical associations are suing top federal health officials, including Health and Human Services Secretary Robert F. Kennedy Jr., over recent changes to COVID-19 vaccine policy. The lawsuit represents a direct political conflict between the medical establishment and the administration's health leadership.
The core of the legal challenge, which the plaintiffs' counsel called ""unprecedented,"" targets the administration's decision to alter COVID-19 vaccine recommendations. The lawsuit argues that the administration acted ""arbitrarily and capriciously,"" directly questioning the competence and leadership of political appointees in health agencies.
The legal action highlights several political maneuvers by the administration that the medical groups find alarming. This includes Kennedy's dismissal of 17 members of the CDC's expert advisory committee, replacing them with individuals who have questioned vaccine efficacy. This move is presented as a politically motivated effort to undermine the established process for policy creation.
Dr. Susan Kressly of the American Academy of Pediatrics stated that pediatricians ""can no longer wait for government officials to sort this out,"" framing the issue as a failure of political leadership. The lawsuit seeks to legally block the administration's new recommendations, challenging the effectiveness of the policy and the authority of the officials who implemented it.
The medical groups contend that these political actions have immediate consequences, creating confusion and fear among the public and jeopardizing the success of the entire U.S. immunization system. They warn that the administration's stance is not just political rhetoric but a dangerous policy that puts children and communities at risk, citing the recent rise in measles cases as evidence of the real-world impact of undermining vaccine confidence.",,6,1 day ago,/r/Vaccine,alexweber,ppa
3,https://old.reddit.com/r/Vaccine/comments/1n8c6bt/another_npr_health_correspondent_query/,3,"Major medical associations sue Kennedy, Trump administration health leaders for Covid-19 vaccine changes","In a significant political escalation, major U.S. medical associations are suing top federal health officials, including Health and Human Services Secretary Robert F. Kennedy Jr., over recent changes to COVID-19 vaccine policy. The lawsuit represents a direct political conflict between the medical establishment and the administration's health leadership.
The core of the legal challenge, which the plaintiffs' counsel called ""unprecedented,"" targets the administration's decision to alter COVID-19 vaccine recommendations. The lawsuit argues that the administration acted ""arbitrarily and capriciously,"" directly questioning the competence and leadership of political appointees in health agencies.
The legal action highlights several political maneuvers by the administration that the medical groups find alarming. This includes Kennedy's dismissal of 17 members of the CDC's expert advisory committee, replacing them with individuals who have questioned vaccine efficacy. This move is presented as a politically motivated effort to undermine the established process for policy creation.
Dr. Susan Kressly of the American Academy of Pediatrics stated that pediatricians ""can no longer wait for government officials to sort this out,"" framing the issue as a failure of political leadership. The lawsuit seeks to legally block the administration's new recommendations, challenging the effectiveness of the policy and the authority of the officials who implemented it.
The medical groups contend that these political actions have immediate consequences, creating confusion and fear among the public and jeopardizing the success of the entire U.S. immunization system. They warn that the administration's stance is not just political rhetoric but a dangerous policy that puts children and communities at risk, citing the recent rise in measles cases as evidence of the real-world impact of undermining vaccine confidence.",,6,1 day ago,/r/Vaccine,alexweber,psp
4,https://old.reddit.com/r/Vaccine/comments/1n8c6bt/another_npr_health_correspondent_query/,4,"Major medical associations sue Kennedy, Trump administration health leaders for Covid-19 vaccine changes","In a significant political escalation, major U.S. medical associations are suing top federal health officials, including Health and Human Services Secretary Robert F. Kennedy Jr., over recent changes to COVID-19 vaccine policy. The lawsuit represents a direct political conflict between the medical establishment and the administration's health leadership.
The core of the legal challenge, which the plaintiffs' counsel called ""unprecedented,"" targets the administration's decision to alter COVID-19 vaccine recommendations. The lawsuit argues that the administration acted ""arbitrarily and capriciously,"" directly questioning the competence and leadership of political appointees in health agencies.
The legal action highlights several political maneuvers by the administration that the medical groups find alarming. This includes Kennedy's dismissal of 17 members of the CDC's expert advisory committee, replacing them with individuals who have questioned vaccine efficacy. This move is presented as a politically motivated effort to undermine the established process for policy creation.
Dr. Susan Kressly of the American Academy of Pediatrics stated that pediatricians ""can no longer wait for government officials to sort this out,"" framing the issue as a failure of political leadership. The lawsuit seeks to legally block the administration's new recommendations, challenging the effectiveness of the policy and the authority of the officials who implemented it.
The medical groups contend that these political actions have immediate consequences, creating confusion and fear among the public and jeopardizing the success of the entire U.S. immunization system. They warn that the administration's stance is not just political rhetoric but a dangerous policy that puts children and communities at risk, citing the recent rise in measles cases as evidence of the real-world impact of undermining vaccine confidence.",,6,1 day ago,/r/Vaccine,alexweber,psa
5,https://old.reddit.com/r/Vaccine/comments/1n8c6bt/another_npr_health_correspondent_query/,5,Updated COVID Vaccines Effective Against New Strains,"A new scientific study provides key findings on the effectiveness of updated COVID-19 vaccines against new coronavirus strains. Research published in JAMA Network Open examined the 2023-2024 vaccines, focusing on their performance against the XBB and JN.1 Omicron variants. The study's primary focus falls under the Vaccines and Treatment subframe, as it analyzes the development and real-world results of new vaccines.
The research delivers specific data on Health Risks, demonstrating that the updated shots significantly reduced the risk of severe outcomes. According to the findings, vaccinated individuals had a 24% lower risk of ER and urgent care visits, a 29% lower risk of hospitalization, and a 48% lower risk of ICU admission or death. This protection was observed for up to 299 days, with maximum effectiveness occurring within the first two months after vaccination.
The study's conclusions are based on a large-scale analysis of electronic health records, adding to the credibility of the scientific findings. Researchers reviewed over 345,000 emergency or urgent care visits and 111,000 hospitalizations across six health systems in eight states. This extensive data addresses the Cause and Transmission subframe by providing clear evidence on the science behind the prevention of severe illness.
In an act of Scientific Communication, the study's authors emphasized the broader implications of their work. Dr. Shaun Grannis noted the findings ""reinforce the importance of staying up to date with recommended vaccines, particularly for our older and more vulnerable patients."" This successful rollout of scientific knowledge to the public underscores that vaccines remain a critical tool for protecting community health and reducing the strain on the healthcare system.",,6,1 day ago,/r/Vaccine,alexweber,ssp
6,https://old.reddit.com/r/Vaccine/comments/1n8c6bt/another_npr_health_correspondent_query/,6,Updated COVID Vaccines Effective Against New Strains,"A new scientific study provides key findings on the effectiveness of updated COVID-19 vaccines against new coronavirus strains. Research published in JAMA Network Open examined the 2023-2024 vaccines, focusing on their performance against the XBB and JN.1 Omicron variants. The study's primary focus falls under the Vaccines and Treatment subframe, as it analyzes the development and real-world results of new vaccines.
The research delivers specific data on Health Risks, demonstrating that the updated shots significantly reduced the risk of severe outcomes. According to the findings, vaccinated individuals had a 24% lower risk of ER and urgent care visits, a 29% lower risk of hospitalization, and a 48% lower risk of ICU admission or death. This protection was observed for up to 299 days, with maximum effectiveness occurring within the first two months after vaccination.
The study's conclusions are based on a large-scale analysis of electronic health records, adding to the credibility of the scientific findings. Researchers reviewed over 345,000 emergency or urgent care visits and 111,000 hospitalizations across six health systems in eight states. This extensive data addresses the Cause and Transmission subframe by providing clear evidence on the science behind the prevention of severe illness.
In an act of Scientific Communication, the study's authors emphasized the broader implications of their work. Dr. Shaun Grannis noted the findings ""reinforce the importance of staying up to date with recommended vaccines, particularly for our older and more vulnerable patients."" This successful rollout of scientific knowledge to the public underscores that vaccines remain a critical tool for protecting community health and reducing the strain on the healthcare system.",,6,1 day ago,/r/Vaccine,alexweber,ssa
7,https://old.reddit.com/r/Vaccine/comments/1n8c6bt/another_npr_health_correspondent_query/,7,Updated COVID Vaccines Effective Against New Strains,"A new scientific study provides key findings on the effectiveness of updated COVID-19 vaccines against new coronavirus strains. Research published in JAMA Network Open examined the 2023-2024 vaccines, focusing on their performance against the XBB and JN.1 Omicron variants. The study's primary focus falls under the Vaccines and Treatment subframe, as it analyzes the development and real-world results of new vaccines.
The research delivers specific data on Health Risks, demonstrating that the updated shots significantly reduced the risk of severe outcomes. According to the findings, vaccinated individuals had a 24% lower risk of ER and urgent care visits, a 29% lower risk of hospitalization, and a 48% lower risk of ICU admission or death. This protection was observed for up to 299 days, with maximum effectiveness occurring within the first two months after vaccination.
The study's conclusions are based on a large-scale analysis of electronic health records, adding to the credibility of the scientific findings. Researchers reviewed over 345,000 emergency or urgent care visits and 111,000 hospitalizations across six health systems in eight states. This extensive data addresses the Cause and Transmission subframe by providing clear evidence on the science behind the prevention of severe illness.
In an act of Scientific Communication, the study's authors emphasized the broader implications of their work. Dr. Shaun Grannis noted the findings ""reinforce the importance of staying up to date with recommended vaccines, particularly for our older and more vulnerable patients."" This successful rollout of scientific knowledge to the public underscores that vaccines remain a critical tool for protecting community health and reducing the strain on the healthcare system.",,6,1 day ago,/r/Vaccine,alexweber,spp
8,https://old.reddit.com/r/Vaccine/comments/1n8c6bt/another_npr_health_correspondent_query/,8,Updated COVID Vaccines Effective Against New Strains,"A new scientific study provides key findings on the effectiveness of updated COVID-19 vaccines against new coronavirus strains. Research published in JAMA Network Open examined the 2023-2024 vaccines, focusing on their performance against the XBB and JN.1 Omicron variants. The study's primary focus falls under the Vaccines and Treatment subframe, as it analyzes the development and real-world results of new vaccines.
The research delivers specific data on Health Risks, demonstrating that the updated shots significantly reduced the risk of severe outcomes. According to the findings, vaccinated individuals had a 24% lower risk of ER and urgent care visits, a 29% lower risk of hospitalization, and a 48% lower risk of ICU admission or death. This protection was observed for up to 299 days, with maximum effectiveness occurring within the first two months after vaccination.
The study's conclusions are based on a large-scale analysis of electronic health records, adding to the credibility of the scientific findings. Researchers reviewed over 345,000 emergency or urgent care visits and 111,000 hospitalizations across six health systems in eight states. This extensive data addresses the Cause and Transmission subframe by providing clear evidence on the science behind the prevention of severe illness.
In an act of Scientific Communication, the study's authors emphasized the broader implications of their work. Dr. Shaun Grannis noted the findings ""reinforce the importance of staying up to date with recommended vaccines, particularly for our older and more vulnerable patients."" This successful rollout of scientific knowledge to the public underscores that vaccines remain a critical tool for protecting community health and reducing the strain on the healthcare system.",,6,1 day ago,/r/Vaccine,alexweber,spa