fake_comment_id,fakepost_id,user_name,content,likes,time,profile
1,1,lothar524,Batdog!,7,1 mo. ago,"https://styles.redditmedia.com/t5_7mgiq/styles/profileIcon_snooc0955904-a002-4e46-8c85-9bf8b147ceb0-headshot.png?width=256&height=256&crop=256:256,smart&s=46e99ccf7703c3c1550fcb6c1c9c46592af26e25"
2,1,"
Down_The_Witch_Elm",That dog is ready to git 'er done.,1,1 mo. ago,https://www.redditstatic.com/avatars/defaults/v2/avatar_default_7.png
3,1,matecito_cosmico,"How you daré to wake him up from his 15 hours nap, unbeliable",2,1 mo. Ago,"https://styles.redditmedia.com/t5_96hued/styles/profileIcon_snoo-nftv2_bmZ0X2VpcDE1NToxMzdfZWI5NTlhNzE1ZGZmZmU2ZjgyZjQ2MDU1MzM5ODJjNDg1OWNiMTRmZV8xNzg5NTIw_rare_ddda90f0-c6d5-482a-b84a-22d85841d29c-headshot.png?width=256&height=256&crop=256:256,smart&s=8dd2cf6d1bb05cc683114712322ddf15497e5d5d"
4,1,Fit-Ladder-8800,It looks so much like my childhood cat. It hit the feels. Thank you,10,7 hr. ago,https://www.redditstatic.com/avatars/defaults/v2/avatar_default_2.png
5,2,lothar524,Batdog!,7,1 mo. ago,"https://styles.redditmedia.com/t5_7mgiq/styles/profileIcon_snooc0955904-a002-4e46-8c85-9bf8b147ceb0-headshot.png?width=256&height=256&crop=256:256,smart&s=46e99ccf7703c3c1550fcb6c1c9c46592af26e25"
6,2,"
Down_The_Witch_Elm",That dog is ready to git 'er done.,1,1 mo. ago,https://www.redditstatic.com/avatars/defaults/v2/avatar_default_7.png
7,2,matecito_cosmico,"How you daré to wake him up from his 15 hours nap, unbeliable",2,1 mo. Ago,"https://styles.redditmedia.com/t5_96hued/styles/profileIcon_snoo-nftv2_bmZ0X2VpcDE1NToxMzdfZWI5NTlhNzE1ZGZmZmU2ZjgyZjQ2MDU1MzM5ODJjNDg1OWNiMTRmZV8xNzg5NTIw_rare_ddda90f0-c6d5-482a-b84a-22d85841d29c-headshot.png?width=256&height=256&crop=256:256,smart&s=8dd2cf6d1bb05cc683114712322ddf15497e5d5d"
8,2,Fit-Ladder-8800,It looks so much like my childhood cat. It hit the feels. Thank you,10,7 hr. ago,https://www.redditstatic.com/avatars/defaults/v2/avatar_default_2.png